[
  {
    "text": "www.trikontelesoft.com",
    "bbox": [
      33.264198303222656,
      216.31192016601562,
      122.64440155029297,
      228.8295440673828
    ],
    "font": "Rubik-Italic",
    "size": 8.055100440979004,
    "color": 16777215
  },
  {
    "text": "Emergency Number: 9566191956",
    "bbox": [
      19.591299057006836,
      88.04879760742188,
      136.3155975341797,
      98.92679595947266
    ],
    "font": "Rubik-Regular",
    "size": 7.0,
    "color": 16777215
  },
  {
    "text": "Blood Group: O+",
    "bbox": [
      49.17329788208008,
      101.23680114746094,
      106.72731018066406,
      112.11479949951172
    ],
    "font": "Rubik-Regular",
    "size": 7.0,
    "color": 16777215
  },
  {
    "text": "Centre Point 3 , 7",
    "bbox": [
      41.38869857788086,
      172.78427124023438,
      93.5735092163086,
      183.01051330566406
    ],
    "font": "Rubik-Regular",
    "size": 6.580599784851074,
    "color": 16777215
  },
  {
    "text": "th",
    "bbox": [
      93.57230377197266,
      173.5455322265625,
      97.40879821777344,
      179.5074462890625
    ],
    "font": "Rubik-Regular",
    "size": 3.8364999294281006,
    "color": 16777215
  },
  {
    "text": " Floor",
    "bbox": [
      97.4092025756836,
      172.78427124023438,
      114.51876068115234,
      183.01051330566406
    ],
    "font": "Rubik-Regular",
    "size": 6.580599784851074,
    "color": 16777215
  },
  {
    "text": "2/4 Mount Ponnamallee High Road",
    "bbox": [
      24.89757537841797,
      181.24693298339844,
      131.01829528808594,
      191.47317504882812
    ],
    "font": "Rubik-Regular",
    "size": 6.580599784851074,
    "color": 16777215
  },
  {
    "text": "Manapakkam, Porur, Chennai 600089",
    "bbox": [
      20.567541122436523,
      189.70957946777344,
      135.35360717773438,
      199.93582153320312
    ],
    "font": "Rubik-Regular",
    "size": 6.580599784851074,
    "color": 16777215
  },
  {
    "text": "If found please return to ",
    "bbox": [
      33.27640151977539,
      152.62400817871094,
      122.28208923339844,
      163.5019989013672
    ],
    "font": "Rubik-Regular",
    "size": 7.0,
    "color": 16777215
  },
  {
    "text": "Trikon Telesoft Private Limited",
    "bbox": [
      20.319400787353516,
      161.50698852539062,
      135.23980712890625,
      172.65798950195312
    ],
    "font": "Rubik-SemiBold",
    "size": 7.0,
    "color": 16777215
  }
]